"name","type","size_ml","full_weight_g","empty_weight_g","density","abv","note"
"Freixenet Prosecco","sparkling","200","433","235","0.99","","small' assumed 200ml; empty looks light for size - lightweight bottle or re-weigh"
"Lovelli Prosecco (single serve)","sparkling","200","385","187","0.99","","small' 187-200ml? confirm; empty looks light for size - lightweight bottle or re-weigh"
"Aimery Cremant","sparkling","750","1625","883","0.99","","sparkling usually 750ml-confirm"
"Cara Amica","sparkling","750","1353","611","0.99","",""
"Lovelli Prosecco","sparkling","750","1356","614","0.99","",""
"Hazy View Chenin Blanc","wine","750","1154","412","0.99","","wine size 700 per you; 750?"
"Altaria","wine","750","1064","322","0.99","","750ml confirmed online; full weight ~130g low - RE-WEIGH a sealed full bottle for exact tare"
"Nika Tiki","wine","750","1059","317","0.99","","750ml confirmed online; full weight ~130g low - RE-WEIGH a sealed full bottle for exact tare"
"Colverdale Pinot Grigio","wine","750","1119","377","0.99","",""
"Hardys Chardonnay","wine","750","1058","316","0.99","","750ml confirmed online; full weight ~130g low - RE-WEIGH a sealed full bottle for exact tare"
"Fraser Bay Chenin","wine","750","1115","373","0.99","",""
"Canto Regio Bobal Rosado","wine","750","1106","364","0.99","",""
"Hardys Main Road Rose","wine","750","1120","378","0.99","",""
"Arietta Pinot Grigio Rose","wine","750","1125","383","0.99","",""
"Nature de Roubie","wine","750","1282","540","0.99","",""
"Sunset Heights White Zinfandel","wine","750","1066","320","0.994","","750ml confirmed online; full weight ~130g low - RE-WEIGH a sealed full bottle for exact tare"
"Louis Jadot Macon-Lugny","wine","750","1316","574","0.99","",""
"Le Terre Gavi","wine","750","1313","571","0.99","",""
"Monte Vista Merlot","wine","750","1065","323","0.99","","750ml confirmed online; full weight ~130g low - RE-WEIGH a sealed full bottle for exact tare"
"Medievo Rioja","wine","750","1165","423","0.99","",""
"Hardys Shiraz","wine","750","1054","312","0.99","","750ml confirmed online; full weight ~130g low - RE-WEIGH a sealed full bottle for exact tare"
"Waipara Hills Pinot Noir","wine","750","1133","391","0.99","",""
"Victor Bernard Cotes du Rhone","wine","750","1279","537","0.99","",""
"Vive Malbec","wine","750","1143","401","0.99","",""
"Gran Astro","wine","750","1113","371","0.99","",""
"Los Andes","wine","750","1150","408","0.99","",""
"Archers Peach Schnapps","liqueur","700","1137","395","1.06","18","18%; sweet"
"Bombay Citron Presse","gin","700","1301","622","0.97","37.5","37.5% sweetened gin"
"Gordon's Gin","gin","700","1094","428","0.951","38",""
"Bathtub Gin","gin","700","1486","822","0.948","","heavy wrapped bottle"
"Gordon's Pink","gin","700","1114","448","0.951","38",""
"Gordon's Sloe Gin","liqueur","700","1153","439","1.02","26","26%; sweet"
"Tanqueray","gin","700","1248","587","0.944","43",""
"Whitley Neill Parma Violet","gin","700","1235","569","0.951","43","43%->0.944? flavoured 37.5-43%"
"Whitley Neill Blackberry","gin","700","1243","577","0.951","",""
"Whitley Neill Original","gin","700","1237","576","0.944","43",""
"Advocaat","liqueur","700","1243","487","1.08","","egg cream; thick"
"Baileys Irish Cream","liqueur","700","1160","425","1.05","17","17% cream"
"Tequila Rose","liqueur","700","1396","661","1.05","15","15% strawberry cream"
"Chambord","liqueur","700","1326","535","1.13","16.5","16.5% very sweet"
"Cointreau","liqueur","700","1366","638","1.04","40","40% sweet"
"Corky's Passion Fruit Glitter","liqueur","700","1235","486","1.07","20","~20% sweet"
"Corky's Blueberry Glitter","liqueur","700","1230","481","1.07","",""
"Corky's Blueberry Snaps","liqueur","700","1242","493","1.07","",""
"Corky's Sour Raspberry","liqueur","700","1242","493","1.07","",""
"Corky's Mango Snaps","liqueur","700","1242","493","1.07","",""
"Malibu","liqueur","700","1197","476","1.03","21","21% coconut"
"Antica Sambuca Liquorice","liqueur","700","1267","539","1.04","38","38% sweet"
"Antica Sambuca Classic","liqueur","700","1270","542","1.04","",""
"Luxardo Sambuca Liquorice","liqueur","700","1156","428","1.04","",""
"Monin Passion Fruit Syrup","syrup","700","1396","493","1.29","0","0% sugar syrup; dense"
"Olmeca Tequila Reposado","spirit","700","1291","626","0.95","38","TYPE CORRECTED: tequila not liqueur; 38%"
"Pimm's No.1","liqueur","700","1080","380","1","25","25% sweet"
"Pimm's No.1","liqueur","1000","1491","491","1","","1L"
"Licor 43","liqueur","700","1256","500","1.08","31","31% very sweet vanilla"
"Jagermeister","liqueur","700","1308","559","1.07","35","35% sweet herbal"
"Bacardi Raspberry","liqueur","700","1155","483","0.96","32","~32%"
"Bacardi Ginger","liqueur","700","1153","481","0.96","32","~32%"
"Martini Bianco","vermouth","750","1279","507","1.03","15","15% sweet"
"Captain Morgan Dark Rum","rum","1500","2284","862","0.948","40","40%; 1.5L"
"Martini Extra Dry","vermouth","750","1247","505","0.99","18","18% dry"
"Grey Goose","vodka","700","1232","568","0.948","40",""
"Absolut","vodka","700","1174","510","0.948","40",""
"Absolut Vanilia","vodka","700","1169","504","0.95","38",""
"Absolut Raspberri","vodka","700","1169","504","0.95","38",""
"Smirnoff Mango & Passion Fruit","vodka","700","1128","449","0.97","25","25% sweeter"
"Smirnoff Red","vodka","700","1102","436","0.951","38",""
"Bell's","whisky","700","1085","421","0.948","40",""
"Jura Aged 10 Years","whisky","700","1282","618","0.948","40",""
"Glenfiddich 12","whisky","700","1263","599","0.948","40",""
"Fireball","liqueur","700","1256","535","1.03","33","33% cinnamon whisky liqueur"
"Jack Daniel's No.7","whisky","700","1152","488","0.948","40",""
"Jack Daniel's Tennessee Honey","liqueur","700","1174","474","1","35","35% honey liqueur"
"Sheep Dog Peanut Butter Whiskey","liqueur","700","1237","523","1.02","35",""
"Monkey Shoulder","whisky","700","1491","827","0.948","40","40%; heavy bottle"
"Britvic Cordial","cordial","1000","1071","","1.1","","undiluted cordial; 1L; density/bottle unreliable - weigh empty directly"