Product_ID,Product_Name,Category,Unit_Type,Part_Unit_Type,Cost_Price,Sell_Price,Par_Level
,"Ale Banks's Mild Smoothpour","Draught Ale","keg",,,,
,"Ale Beavertown Neck Oil IPA","Draught Ale","keg",,,,
,"Ale Hobgoblin","Draught Ale","cask",,,,
,"Ale Hobgoblin Gold","Draught Ale","cask",,,,
,"Ale Hobgoblin IPA","Draught Ale","cask",,,,
,"Ale Jennings Cumberland","Draught Ale","cask",,,,
,"Ale John Smiths","Draught Ale","keg",,,,
,"Ale Mansfield Smooth Creamy","Draught Ale","keg",,,,
,"Ale Marstons 61 Deep","Draught Ale","cask",,,,
,"Ale Marstons Smooth","Draught Ale","keg",,,,
,"Ale Pedigree","Draught Ale","cask",,,,
,"Ale Stonewall Inn IPA","Draught Ale","keg",,,,
,"Ale Tetley Bitter 3.4%","Draught Ale","cask",,,,
,"Ale Thwaites Smooth","Draught Ale","keg",,,,
,"Ale Wainwright","Draught Ale","cask",,,,
,"Ale Wainwright Amber","Draught Ale","cask",,,,
,"Ale Wainwright Wanderer","Draught Ale","cask",,,,
,"Ale Youngs Bitter","Draught Ale","cask",,,,
,"Ale Youngs Special","Draught Ale","cask",,,,
,"Cider Strongbow","Draught Cider","keg",,,,
,"Cider Strongbow Dark","Draught Cider","keg",,,,
,"Cider Thatchers Cheddar BIB","Draught Cider","keg",,,,
,"Lager Bierre Kronenbourg","Draught Lager","keg",,,,
,"Lager Birra Moretti","Draught Lager","keg",,,,
,"Lager Birra Poretti","Draught Lager","keg",,,,
,"Lager Carlsberg Export","Draught Lager","keg",,,,
,"Lager Carlsberg Pilsner 3.4%","Draught Lager","keg",,,,
,"Lager Coors","Draught Lager","keg",,,,
,"Lager Coors Light","Draught Lager","keg",,,,
,"Lager Cruzcampo","Draught Lager","keg",,,,
,"Lager Estrella Damm","Draught Lager","keg",,,,
,"Lager Fosters 3.4%","Draught Lager","keg",,,,
,"Lager Fosters","Draught Lager","keg",,,,
,"Lager Lowenbrau","Draught Lager","keg",,,,
,"Lager Peroni Nastro Azzurro","Draught Lager","keg",,,,
,"Lager San Miguel","Draught Lager","keg",,,,
,"Lager Shipyard Pale Ale","Draught Lager","keg",,,,
,"Lager Staropramen","Draught Lager","keg",,,,
,"Lager Stella Artois","Draught Lager","keg",,,,
,"Stout Guinness","Draught Stout","keg",,,,
,"Cordial Britvic Blackcurrant 12x1L","Minerals","dozen",,,,
,"Cordial Britvic Lime 12x1L","Minerals","dozen",,,,
,"Cordial Britvic Orange 12x1L","Minerals","dozen",,,,
,"Juice Britvic 100 Apple 250ml","Minerals","each",,,,
,"Juice Eager Pineapple","Minerals","each",,,,
,"Juice Frobisher's Apple 250ml","Minerals","each",,,,
,"Juice Frobishers Orange 250ml","Minerals","each",,,,
,"Juice Sunpride Apple","Minerals","litre",,,,
,"Juice Sunpride Cranberry","Minerals","litre",,,,
,"Juice Sunpride Orange 50/50","Minerals","litre",,,,
,"Mixer Britvic Bit/Lem Slim 200ml","Minerals","litre",,,,
,"Mixer Britvic Cranberry 200ml","Minerals","litre",,,,
,"Mixer Britvic Ginger Ale 200ml","Minerals","litre",,,,
,"Mixer Britvic Ginger Beer 200ml","Minerals","litre",,,,
,"Mixer Britvic Grapefruit 200ml","Minerals","litre",,,,
,"Mixer Britvic Orange 200ml","Minerals","litre",,,,
,"Mixer Britvic Pineapple 200ml","Minerals","litre",,,,
,"Mixer Britvic Tomato 200ml","Minerals","litre",,,,
,"Mixer Britvic Tonic 200ml","Minerals","litre",,,,
,"Mixer Britvic Tonic Slim 200ml","Minerals","litre",,,,
,"Mixer Fever- Tree Eldflower 200ml","Minerals","litre",,,,
,"Mixer Fever- Tree Ging Beer 200ml","Minerals","litre",,,,
,"Mixer Fever- Tree Ginger Ale 200ml","Minerals","litre",,,,
,"Mixer Fever- Tree /Tonic 200ml","Minerals","litre",,,,
,"Mixer Fever- Tree Lem Tonic 200ml","Minerals","litre",,,,
,"Mixer Fever- Tree Med Tonic 200ml","Minerals","litre",,,,
,"Mixer Fever- Tree RL Ging Beer 200ml","Minerals","litre",,,,
,"Mixer Fever- Tree Tonic 200ml","Minerals","litre",,,,
,"Mixer Franklins Light Tonic 200ml","Minerals","litre",,,,
,"Puree Monin Passionfruit","Minerals","litre",,,,
,"Soda Water","Minerals","litre",,,,
,"Soft Britvic 55 Orange 275ml","Minerals","litre",,,,
,"Soft FruitShoot Hydro Orange","Minerals","litre",,,,
,"Soft FruitShoot","Minerals","litre",,,,
,"Juice Apple 200","Minerals","litre",,,,
,"Soft FruitShoot LS App/Blk 275ml","Minerals","litre",,,,
,"Soft FruitShoot LS Orange 275ml","Minerals","litre",,,,
,"Soft FruitShoot Wicked Orange & Yuzu 275ml","Minerals","litre",,,,
,"Soft J2O Apple & Mango 275ml","Minerals","litre",,,,
,"Soft J2O Apple & Raspberry 275ml","Minerals","litre",,,,
,"Soft J2O Dragonberry 275ml","Minerals","litre",,,,
,"Soft J2O Glitterberry 275ml","Minerals","litre",,,,
,"Soft J2O Orange & P/Fruit 275ml","Minerals","litre",,,,
,"Soft J2O Spritz App/Eldflwr 275ml","Minerals","litre",,,,
,"Soft J2O Spritz Apple W/Mel 275ml","Minerals","litre",,,,
,"Soft J2O Spritz Peach Apr 275ml","Minerals","litre",,,,
,"Soft Red Bull 250ml","Minerals","each",,,,
,"Soft Red Bull Sugar Free 250ml","Minerals","each",,,,
,"Soft San Pell Blood Orange 330ml","Minerals","litre",,,,
,"Soft San Pell Limonata 330ml","Minerals","litre",,,,
,"Soft San Pell Orange 330ml","Minerals","litre",,,,
,"Soft Vimto 330ml Can","Minerals","each",,,,
,"Syrup Teisseire Caramel","Minerals","litre",,,,
,"Syrup Teisseire Grenadine","Minerals","litre",,,,
,"Syrup Teisseire Pass/Fruit","Minerals","litre",,,,
,"Syrup Teisseire Peach","Minerals","litre",,,,
,"Syrup Teisseire Strawberry","Minerals","litre",,,,
,"Syrup Teisseire Vanilla","Minerals","litre",,,,
,"Water Decantae Sparkling 330ml","Minerals","each",,,,
,"Water Harrogate Sparkling 330ml","Minerals","litre",,,,
,"Water Harrogate Still 330ml","Minerals","litre",,,,
,"PPA Guinness 0% 538ml Can","Packaged","each",,,,
,"PPA Hobgoblin Gold 500ml","Packaged","each",,,,
,"PPA Newcastle Brown Ale 550ml","Packaged","each",,,,
,"PPA Shipyard Low Tide 500ml","Packaged","each",,,,
,"PPA Shipyard USA IPA 500ml","Packaged","each",,,,
,"PPC Bulmers Apple 500ml","Packaged","each",,,,
,"PPC Bulmers Red Berry 500ml","Packaged","each",,,,
,"PPC Old Mout Berries 0% 500ml","Packaged","each",,,,
,"PPC Old Mout Berries 500ml","Packaged","each",,,,
,"PPC Old Mout Kiwi & Lime 500ml","Packaged","each",,,,
,"PPC Old Mout Mango & Passionfruit 500ml","Packaged","each",,,,
,"PPC Old Mout Passion Fruit 500ml","Packaged","each",,,,
,"PPC Old Mout Pineapple 500ml","Packaged","each",,,,
,"PPC Old Mout W/Melon & Lime 500ml","Packaged","each",,,,
,"PPC Thatchers Zero 0% 500ml","Packaged","each",,,,
,"PPL Becks 275ml","Packaged","litre",,,,
,"PPL Becks Blue 275ml","Packaged","litre",,,,
,"PPL Budweiser 330ml","Packaged","litre",,,,
,"PPL Desperados 330ml","Packaged","litre",,,,
,"PPL Erdinger Alkoholfrei 500ml","Packaged","each",,,,
,"PPL Erdinger Weissbier 500ml","Packaged","each",,,,
,"PPL Estrella Damm 330ml","Packaged","litre",,,,
,"PPL Heineken 0.0% 330ml","Packaged","litre",,,,
,"PPL Heineken 330ml","Packaged","litre",,,,
,"PPL Peroni Nastro Azzurro 330ml","Packaged","litre",,,,
,"PPL Sol 330ml","Packaged","litre",,,,
,"PPL Stella Artois 0% 330ml","Packaged","litre",,,,
,"PPL Warsteiner 330ml","Packaged","litre",,,,
,"PPS Buzz Ball Chilli Mango 200ml","Packaged","litre",,,,
,"PPS Buzz Ball Strawberry Rita 200ml","Packaged","litre",,,,
,"PPS Buzz Ball Tequila Rita 200ml","Packaged","litre",,,,
,"PPS Hooch Blue 440ml Can","Packaged","each",,,,
,"PPS Hooch Lemon 440ml Can","Packaged","each",,,,
,"PPS Hooch Pink Can 440ml","Packaged","each",,,,
,"PPS Smirnoff Ice 275ml NRB","Packaged","litre",,,,
,"PPS WKD Berry Blast 275ml","Packaged","litre",,,,
,"PPS WKD Blue 275ml","Packaged","litre",,,,
,"PPS WKD Orange & Passion 275ml","Packaged","litre",,,,
,"Postmix Lemonade","Postmix","litre",,,,
,"Postmix Pepsi","Postmix","litre",,,,
,"Postmix Pepsi Diet","Postmix","litre",,,,
,"Postmix Pepsi Max","Postmix","litre",,,,
,"Brandy Courvoisier VSOP","Spirits","tenths",,,,
,"Brandy Remy Martin VSOP","Spirits","tenths",,,,
,"Gin Aber Falls Rhubarb Ging","Spirits","tenths",,,,
,"Gin Bathtub","Spirits","tenths",,,,
,"Gin Bombay Bramble","Spirits","tenths",,,,
,"Gin Bombay Sapphire","Spirits","tenths",,,,
,"Gin Gordons","Spirits","tenths",,,,
,"Gin Gordons 0%","Spirits","tenths",,,,
,"Gin Gordons Sloe","Spirits","tenths",,,,
,"Gin Hendrick's","Spirits","tenths",,,,
,"Gin Malfy Arancia","Spirits","tenths",,,,
,"Gin Malfy Limone","Spirits","tenths",,,,
,"Gin Malfy Rosa","Spirits","tenths",,,,
,"Gin Masons Lavender","Spirits","tenths",,,,
,"Gin Warner Ed. Elderflower","Spirits","tenths",,,,
,"Gin Warner Ed. Raspberry","Spirits","tenths",,,,
,"Gin Warner Ed. Rhubarb","Spirits","tenths",,,,
,"Gin Whitley Neill","Spirits","tenths",,,,
,"Gin Whitley Neill Blood Org","Spirits","tenths",,,,
,"Gin Whitley Neill Mango/Lime","Spirits","tenths",,,,
,"Gin Whitley Neill Parma Vio","Spirits","tenths",,,,
,"Gin Whitley Neill Raspberry","Spirits","tenths",,,,
,"Gin Whitley Neill Rhubarb","Spirits","tenths",,,,
,"Gin Wildcat Bramble","Spirits","tenths",,,,
,"Gin Wildcat Lime","Spirits","tenths",,,,
,"Gin Wildcat Orange & P/fruit","Spirits","tenths",,,,
,"Liqueur Antica Sambuca","Spirits","tenths",,,,
,"Liqueur Antica Sambuca Black","Spirits","tenths",,,,
,"Liqueur Antica Sambuca Rasp","Spirits","tenths",,,,
,"Liqueur Aperol","Spirits","tenths",,,,
,"Liqueur Archers Peach","Spirits","tenths",,,,
,"Liqueur Baileys","Spirits","tenths",,,,
,"Liqueur Corkys Blueberry","Spirits","tenths",,,,
,"Liqueur Corkys Mango Glitter","Spirits","tenths",,,,
,"Liqueur Corkys Passion Fruit","Spirits","tenths",,,,
,"Liqueur Corkys Raspberry","Spirits","tenths",,,,
,"Liqueur Corkys Sour Apple","Spirits","tenths",,,,
,"Liqueur Corkys Sour Cherry","Spirits","tenths",,,,
,"Liqueur Disaronno Amaretto","Spirits","tenths",,,,
,"Liqueur Drambuie","Spirits","tenths",,,,
,"Liqueur Isolabella Limoncello","Spirits","tenths",,,,
,"Liqueur Kahlua","Spirits","tenths",,,,
,"Liqueur Luxardo Sambuca","Spirits","tenths",,,,
,"Liqueur Luxardo Sambuca Black","Spirits","tenths",,,,
,"Liqueur Olmeca Reposado","Spirits","tenths",,,,
,"Liqueur Olmeca Silver","Spirits","tenths",,,,
,"Liqueur Passoa","Spirits","tenths",,,,
,"Liqueur Pimms Black Eldflwr","Spirits","tenths",,,,
,"Liqueur Pimms Sundowner","Spirits","tenths",,,,
,"Liqueur Sebor Absinth","Spirits","tenths",,,,
,"Liqueur Southern Comfort","Spirits","tenths",,,,
,"Port Graham's LBV","Spirits","tenths",,,,
,"Port Warre's Warrior","Spirits","tenths",,,,
,"Rum Bacardi","Spirits","tenths",,,,
,"Rum Bacardi Coconut","Spirits","tenths",,,,
,"Rum Captain Morgan","Spirits","tenths",,,,
,"Rum Captain Morgan Spiced","Spirits","tenths",,,,
,"Rum Dead Man's Spiced","Spirits","tenths",,,,
,"Rum Havana Especial Gold","Spirits","tenths",,,,
,"Rum Sailor Jerry","Spirits","tenths",,,,
,"Rum The Kraken","Spirits","tenths",,,,
,"Vermouth Martini Dry 75CL","Spirits","tenths",,,,
,"Vermouth Martini Rosso","Spirits","tenths",,,,
,"Vodka AU Blue Raspberry","Spirits","tenths",,,,
,"Vodka AU Pink Lemonade","Spirits","tenths",,,,
,"Vodka AU Sticky Toffee","Spirits","tenths",,,,
,"Vodka Smirnoff","Spirits","tenths",,,,
,"Vodka Smirnoff Mango P/fruit","Spirits","tenths",,,,
,"Vodka Smirnoff Rasp Crush","Spirits","tenths",,,,
,"Vodka Whitley Neill B.Orange","Spirits","tenths",,,,
,"Whisky Haig Clubman","Spirits","tenths",,,,
,"Whisky Isle of Jura 10yr","Spirits","tenths",,,,
,"Whisky Isle of Jura 16yr","Spirits","tenths",,,,
,"Whisky Jack Daniels","Spirits","tenths",,,,
,"Whisky Jack Daniels Honey","Spirits","tenths",,,,
,"Whisky Jamesons","Spirits","tenths",,,,
,"Whisky Jim Beam Double Oak","Spirits","tenths",,,,
,"Whisky Sheepdog P/Nut Butter","Spirits","tenths",,,,
,"Whisky Talisker Malt","Spirits","tenths",,,,
,"Bin End Wine","Wines","tenths",,,,
,"Spark C.Amica Prosecco Rosé 200ml","Wines","tenths",,,,
,"Spark C.Amica Prosecco Rosé","Wines","tenths",,,,
,"Spark Lunetta Prosecco 200ml","Wines","tenths",,,,
,"Spark Ponte Prosecco Rose","Wines","tenths",,,,
,"Wine Canto Regio Rosado","Wines","tenths",,,,
,"Wine Chard Aimery 187ml","Wines","tenths",,,,
,"Wine Chard Charles & Charles","Wines","tenths",,,,
,"Wine Chard Hardy's 202","Wines","tenths",,,,
,"Wine Chard Macon-Lugny","Wines","tenths",,,,
,"Wine Chard Wise Wolf","Wines","tenths",,,,
,"Wine Chen Blanc Hazy View %","Wines","tenths",,,,
,"Wine Chen Colombard F Bay","Wines","tenths",,,,
,"Wine Cotes du Rhone V.Berard","Wines","tenths",,,,
,"Wine Gavi Terre del Barolo","Wines","tenths",,,,
,"Wine Malbec Alta Vista Vive","Wines","tenths",,,,
,"Wine Malbec El Cipres","Wines","tenths",,,,
,"Wine Malbec Sombra %","Wines","tenths",,,,
,"Wine Merlot CYT","Wines","tenths",,,,
,"Wine Merlot Jack Rabbit 187ml","Wines","tenths",,,,
,"Wine Merlot Montevista","Wines","tenths",,,,
,"Wine Merlot Santa Helena","Wines","tenths",,,,
,"Wine Picpoul Nature Roubie","Wines","tenths",,,,
,"Wine Pinot Blush Arietta","Wines","tenths",,,,
,"Wine Pinot G. Colverde","Wines","tenths",,,,
,"Wine Pinot G. Jack Rabbit 187ml","Wines","tenths",,,,
,"Wine Pinot Noir Ondas Resrv","Wines","tenths",,,,
,"Wine Pinot Noir Waipara H.","Wines","tenths",,,,
,"Wine Red Tramonto","Wines","tenths",,,,
,"Wine Rioja Crianza Rivallana","Wines","tenths",,,,
,"Wine Rioja Crianza V.Alarde","Wines","tenths",,,,
,"Wine Rioja Faustino Rivero","Wines","tenths",,,,
,"Wine Rioja Medievo Crianza","Wines","tenths",,,,
,"Wine Rioja Vina Alarde Res.","Wines","tenths",,,,
,"Wine Rose Hardy's Main Rd","Wines","tenths",,,,
,"Wine Rose Pinot G Canaletto","Wines","tenths",,,,
,"Wine Rose Tramonto","Wines","tenths",,,,
,"Wine Rose W.Zinf Sunset H","Wines","tenths",,,,
,"Wine Sauv Mud House","Wines","tenths",,,,
,"Wine Sauv Waipara Hills","Wines","tenths",,,,
,"Wine Shiraz Hardy's 202","Wines","tenths",,,,
,"Wine Shiraz Invenio 187ml","Wines","tenths",,,,
,"Wine Shiraz Running Duck","Wines","tenths",,,,
,"Wine Tempranillo El Muro","Wines","tenths",,,,
,"Wine Zinfandel Burlesque","Wines","tenths",,,,
,"Wine Zinfandel Jack Rabbit 187ml","Wines","tenths",,,,
,"Wine Zinfandel Sugarbird","Wines","tenths",,,,
,"Water Ballygowan Still 330ml","Minerals","each",,,,
